﻿{"paragraphs":[{"user":"anonymous","config":{"colWidth":12,"enabled":true,"results":{},"editorSetting":{"language":"scala"},"editorMode":"ace/mode/scala"},"settings":{"params":{},"forms":{}},"apps":[],"jobName":"paragraph_1607740388662_-77782239","id":"20201212-023308_962719853","dateCreated":"2020-12-12T02:33:08+0000","status":"FINISHED","progressUpdateIntervalMs":500,"focus":true,"$$hashKey":"object:385","text":"case class OshkoshWeather(Year: String, \nMonth: String, \nDay: String, \nTimeCST: String,\nTemperatureF: Integer, \nDewPointF: Integer, \nHumidity: Integer, \nSeaLevelPressure: Double, \nVisibilityMPH: Double, \nWindDirection: String, \nwindSpeedMPH: Double, \ngustspeedmph: Double, \nprecipitationIn: String, \nevents: String, \nconditions: String, \nwinddirdegrees: Integer)\n\nval Oshkosh = spark.read.format(\"csv\").option(\"header\", true).option(\"inferSchema\", true).load(\"/user/maria_dev/final/Oshkosh/OshkoshWeather.csv\")\nOshkosh.createOrReplaceTempView(\"OshkoshWeather\")\n","dateUpdated":"2020-12-12T02:33:20+0000","dateFinished":"2020-12-12T02:38:53+0000","dateStarted":"2020-12-12T02:33:20+0000","results":{"code":"SUCCESS","msg":[{"type":"TEXT","data":"defined class OshkoshWeather\nOshkosh: org.apache.spark.sql.DataFrame = [Year: int, Month: int ... 14 more fields]\n"}]}},{"user":"anonymous","config":{"colWidth":12,"enabled":true,"results":{},"editorSetting":{"language":"scala"},"editorMode":"ace/mode/scala"},"settings":{"params":{},"forms":{}},"apps":[],"jobName":"paragraph_1607740400579_861420474","id":"20201212-023320_661572997","dateCreated":"2020-12-12T02:33:20+0000","status":"FINISHED","progressUpdateIntervalMs":500,"focus":true,"$$hashKey":"object:448","text":"spark.sqlContext.sql(\"select TheHour, count(*) from (select *  from (select theday, TheHour, AvgTempInHour, ROW_NUMBER() OVER(PARTITION BY theday ORDER BY AvgTempInHour) as therank from  (select to_date(concat(string(year), '-', string(month), '-', string(day)), 'yyyy-m-d') theday, HOUR(to_timestamp(concat(string(year), '-', string(month), '-', string(day), ' ', timeCST), 'yyyy-m-d hh:mm a')) as TheHour, avg(TemperatureF) as AvgTempInHour from oshkoshweather where TemperatureF != -9999 group by year, month, day, timeCST) avghours) answer where therank = 1 ) finishing group by TheHour order by 2 desc\" ).show()","dateUpdated":"2020-12-12T02:51:29+0000","dateFinished":"2020-12-12T02:51:44+0000","dateStarted":"2020-12-12T02:51:29+0000","results":{"code":"SUCCESS","msg":[{"type":"TEXT","data":"+-------+--------+\n|TheHour|count(1)|\n+-------+--------+\n|     23|     109|\n|      6|      87|\n|      7|      55|\n|      5|      45|\n|      0|      36|\n|      4|      34|\n|      1|      28|\n|     22|      24|\n|      3|      22|\n|      2|      19|\n|     21|      16|\n|      8|       4|\n|     20|       4|\n|     19|       4|\n|     18|       3|\n|     17|       3|\n|     12|       1|\n|      9|       1|\n|     10|       1|\n+-------+--------+\n\n"}]}},{"user":"anonymous","config":{"colWidth":12,"enabled":true,"results":{},"editorSetting":{"language":"scala"},"editorMode":"ace/mode/scala"},"settings":{"params":{},"forms":{}},"apps":[],"jobName":"paragraph_1607740735194_-326660582","id":"20201212-023855_1146172730","dateCreated":"2020-12-12T02:38:55+0000","status":"FINISHED","progressUpdateIntervalMs":500,"focus":true,"$$hashKey":"object:534","text":"spark.sqlContext.sql(\"select year, month, day, timecst, HOUR(to_timestamp(concat(string(year), '-', string(month), '-', string(day), ' ', timeCST), 'yyyy-m-d hh:mm a')) as TheHour from oshkoshweather\" ).show()","dateUpdated":"2020-12-12T02:51:04+0000","dateFinished":"2020-12-12T02:51:05+0000","dateStarted":"2020-12-12T02:51:04+0000","results":{"code":"SUCCESS","msg":[{"type":"TEXT","data":"+----+-----+---+--------+-------+\n|year|month|day| timecst|TheHour|\n+----+-----+---+--------+-------+\n|2000|    1|  1|12:53 AM|      0|\n|2000|    1|  1| 1:53 AM|      1|\n|2000|    1|  1| 2:53 AM|      2|\n|2000|    1|  1| 3:53 AM|      3|\n|2000|    1|  1| 4:53 AM|      4|\n|2000|    1|  1| 5:53 AM|      5|\n|2000|    1|  1| 6:53 AM|      6|\n|2000|    1|  1| 7:53 AM|      7|\n|2000|    1|  1| 8:53 AM|      8|\n|2000|    1|  1| 9:53 AM|      9|\n|2000|    1|  1|10:53 AM|     10|\n|2000|    1|  1|11:53 AM|     11|\n|2000|    1|  1|12:53 PM|     12|\n|2000|    1|  1| 1:53 PM|     13|\n|2000|    1|  1| 2:53 PM|     14|\n|2000|    1|  1| 3:53 PM|     15|\n|2000|    1|  1| 4:53 PM|     16|\n|2000|    1|  1| 5:53 PM|     17|\n|2000|    1|  1| 6:37 PM|     18|\n|2000|    1|  1| 6:53 PM|     18|\n+----+-----+---+--------+-------+\nonly showing top 20 rows\n\n"}]}},{"user":"anonymous","config":{"colWidth":12,"enabled":true,"results":{},"editorSetting":{"language":"scala"},"editorMode":"ace/mode/scala"},"settings":{"params":{},"forms":{}},"apps":[],"jobName":"paragraph_1607741398068_11700622","id":"20201212-024958_1066543523","dateCreated":"2020-12-12T02:49:58+0000","status":"READY","progressUpdateIntervalMs":500,"focus":true,"$$hashKey":"object:1067"}],"name":"FinalPartD","id":"2FRV6ADV7","angularObjects":{"2CHS8UYQQ:shared_process":[],"2C8A4SZ9T_livy2:shared_process":[],"2CK8A9MEG:shared_process":[],"2C4U48MY3_spark2:shared_process":[],"2CKAY1A8Y:shared_process":[],"2CKEKWY8Z:shared_process":[]},"config":{"isZeppelinNotebookCronEnable":false,"looknfeel":"default","personalizedMode":"false"},"info":{}}