﻿{"paragraphs":[{"user":"anonymous","config":{"colWidth":12,"enabled":true,"results":{},"editorSetting":{"language":"scala"},"editorMode":"ace/mode/scala"},"settings":{"params":{},"forms":{}},"apps":[],"jobName":"paragraph_1607741768837_1542538754","id":"20201212-025608_1859985997","dateCreated":"2020-12-12T02:56:08+0000","status":"FINISHED","progressUpdateIntervalMs":500,"focus":true,"$$hashKey":"object:402","text":"case class OshkoshWeather(Year: String, \nMonth: String, \nDay: String, \nTimeCST: String,\nTemperatureF: Integer, \nDewPointF: Integer, \nHumidity: Integer, \nSeaLevelPressure: Double, \nVisibilityMPH: Double, \nWindDirection: String, \nwindSpeedMPH: Double, \ngustspeedmph: Double, \nprecipitationIn: String, \nevents: String, \nconditions: String, \nwinddirdegrees: Integer)\n\nval Oshkosh = spark.read.format(\"csv\").option(\"header\", true).option(\"inferSchema\", true).load(\"/user/maria_dev/final/Oshkosh/OshkoshWeather.csv\")\nOshkosh.createOrReplaceTempView(\"OshkoshWeather\")\n","dateUpdated":"2020-12-12T03:00:21+0000","dateFinished":"2020-12-12T03:00:28+0000","dateStarted":"2020-12-12T03:00:21+0000","results":{"code":"SUCCESS","msg":[{"type":"TEXT","data":"defined class OshkoshWeather\nOshkosh: org.apache.spark.sql.DataFrame = [Year: int, Month: int ... 14 more fields]\n"}]}},{"user":"anonymous","config":{"colWidth":12,"enabled":true,"results":{},"editorSetting":{"language":"scala"},"editorMode":"ace/mode/scala"},"settings":{"params":{},"forms":{}},"apps":[],"jobName":"paragraph_1607742021933_-1248092635","id":"20201212-030021_1851816954","dateCreated":"2020-12-12T03:00:21+0000","status":"RUNNING","progressUpdateIntervalMs":500,"focus":true,"$$hashKey":"object:462","text":"spark.sqlContext.sql(\"select 'oshkosh' as city, to_timestamp(concat(string(oshkoshstart.year), '-', string(oshkoshstart.month), '-', string(oshkoshstart.day), ' ', oshkoshstart.timeCST), 'yyyy-m-d hh:mm a') oshkoshstarttime, to_timestamp(concat(string(oshkoshend.year), '-', string(oshkoshend.month), '-', string(oshkoshend.day), ' ', oshkoshend.timeCST), 'yyyy-m-d hh:mm a') oshkoshendtime, oshkoshstart.TemperatureF, oshkoshend.TemperatureF, ABS(oshkoshstart.TemperatureF - oshkoshend.TemperatureF) as TempShift  from oshkoshweather oshkoshstart join oshkoshweather oshkoshend on  to_timestamp(concat(string(oshkoshend.year), '-', string(oshkoshend.month), '-', string(oshkoshend.day), ' ', oshkoshend.timeCST), 'yyyy-m-d hh:mm a') between to_timestamp(concat(string(oshkoshstart.year), '-', string(oshkoshstart.month), '-', string(oshkoshstart.day), ' ', oshkoshstart.timeCST), 'yyyy-m-d hh:mm a') and DATE_ADD(to_timestamp(concat(string(oshkoshstart.year), '-', string(oshkoshstart.month), '-', string(oshkoshstart.day), ' ', oshkoshstart.timeCST), 'yyyy-m-d hh:mm a'), 1) where oshkoshstart.temperatureF != -9999 and oshkoshend.temperatureF != -9999 and  oshkoshstart.temperatureF != oshkoshend.temperatureF and oshkoshstart.TimeCST != 'No daily or hourly history data available' and oshkoshend.timeCST != 'No daily or hourly history data available' order by 6 desc\").show()\n\n\n","dateUpdated":"2020-12-12T03:04:50+0000","dateFinished":"2020-12-12T03:04:36+0000","dateStarted":"2020-12-12T03:04:50+0000","errorMessage":""},{"user":"anonymous","config":{"colWidth":12,"enabled":true,"results":{},"editorSetting":{"language":"scala"},"editorMode":"ace/mode/scala"},"settings":{"params":{},"forms":{}},"apps":[],"jobName":"paragraph_1607742024124_-404338297","id":"20201212-030024_44527894","dateCreated":"2020-12-12T03:00:24+0000","status":"READY","progressUpdateIntervalMs":500,"focus":true,"$$hashKey":"object:525"}],"name":"FinalPartE","id":"2FRMXBPW2","angularObjects":{"2CHS8UYQQ:shared_process":[],"2C8A4SZ9T_livy2:shared_process":[],"2CK8A9MEG:shared_process":[],"2C4U48MY3_spark2:shared_process":[],"2CKAY1A8Y:shared_process":[],"2CKEKWY8Z:shared_process":[]},"config":{"isZeppelinNotebookCronEnable":false,"looknfeel":"default","personalizedMode":"false"},"info":{}}